m值,环编号,内径 (mm),外径 (mm)
6,1,0.000000,2.477401
6,2,2.739901,3.693856
6,3,3.956356,4.668005
6,4,4.930505,5.517916
6,5,5.780416,6.288937
6,6,6.551437,7.004202
